customer_message,category
"My payment was deducted twice","Payment Issue"
"My card payment is not going through","Payment Issue"
"I was charged more than the order amount","Payment Issue"
"Payment failed but money was deducted","Payment Issue"
"I cannot complete my payment","Payment Issue"
"My UPI transaction failed","Payment Issue"
"I was charged twice for the same order","Payment Issue"
"The payment page keeps showing an error","Payment Issue"
"My transaction is still pending","Payment Issue"
"I paid successfully but the order shows unpaid","Payment Issue"
"My order has not arrived yet","Delivery Issue"
"My package is delayed","Delivery Issue"
"The delivery date has passed but I have not received my order","Delivery Issue"
"Where is my order","Delivery Issue"
"My package tracking has not updated","Delivery Issue"
"The courier has not delivered my package","Delivery Issue"
"My order was delivered to the wrong address","Delivery Issue"
"The delivery is taking too long","Delivery Issue"
"My package shows delivered but I did not receive it","Delivery Issue"
"I want to know when my order will arrive","Delivery Issue"
"The product I received is damaged","Product Issue"
"My product is not working","Product Issue"
"I received the wrong product","Product Issue"
"The item is broken","Product Issue"
"The product has a manufacturing defect","Product Issue"
"My device does not turn on","Product Issue"
"The item I received is missing a part","Product Issue"
"The product quality is very poor","Product Issue"
"My product stopped working after one day","Product Issue"
"The item does not match the description","Product Issue"
"I want to return my order","Refund / Return"
"I need a refund for my purchase","Refund / Return"
"How can I return this product","Refund / Return"
"My refund has not arrived yet","Refund / Return"
"I want my money back","Refund / Return"
"Please cancel my order and refund the payment","Refund / Return"
"My return request is still pending","Refund / Return"
"I returned the item but have not received my refund","Refund / Return"
"Can I exchange or return this product","Refund / Return"
"How many days will my refund take","Refund / Return"
"How can I change my account password","Other"
"I cannot log into my account","Other"
"How do I update my phone number","Other"
"I want to change my email address","Other"
"Where can I find my order history","Other"
"How can I contact customer support","Other"
"I forgot my password","Other"
"How do I delete my account","Other"
"Can I change my account details","Other"
"I have a question about my account","Other"
